{
  "team_id_to_d1bb_slug": {
    "abilene-christian": "abilchrist",
    "air-force": "airforce",
    "akron": "akron",
    "alabama": "alabama",
    "alabama-am": "alabamaam",
    "alabama-state": "alabamast",
    "albany": "albany",
    "alcorn-state": "alcornst",
    "appalachian-state": "appalst",
    "arizona": "arizona",
    "arizona-state": "arizonast",
    "arkansas": "arkansas",
    "arkansas-pine-bluff": "arkansaspb",
    "arkansas-state": "arkansasst",
    "army": "army",
    "auburn": "auburn",
    "austin-peay": "austinpeay",
    "ball-state": "ballst",
    "baylor": "baylor",
    "bellarmine": "bellarmine",
    "belmont": "belmont",
    "bethune-cookman": "bethcook",
    "binghamton": "sunybing",
    "boston-college": "bostoncoll",
    "bowling-green": "bowlgreen",
    "bradley": "bradley",
    "brown": "brown",
    "bryant": "bryant",
    "bucknell": "bucknell",
    "butler": "butler",
    "byu": "byu",
    "cal-baptist": "californiabaptist",
    "cal-poly": "calpoly",
    "cal-state-bakersfield": "calstbaker",
    "cal-state-fullerton": "calstfull",
    "cal-state-northridge": "calstnorth",
    "california": "california",
    "california-baptist": "californiabaptist",
    "campbell": "campbell",
    "canisius": "canisius",
    "central-arkansas": "carkansas",
    "central-connecticut": "cconnst",
    "central-michigan": "cmichigan",
    "charleston": "charleston",
    "charleston-southern": "charlsouth",
    "charlotte": "charlotte",
    "cincinnati": "cincy",
    "citadel": "citadel",
    "clemson": "clemson",
    "coastal-carolina": "coastcar",
    "colorado-state": "colorado-state",
    "columbia": "columbia",
    "coppin-state": "coppinst",
    "cornell": "cornell",
    "creighton": "creighton",
    "dallas-baptist": "dallasbapt",
    "dartmouth": "dartmouth",
    "davidson": "davidson",
    "dayton": "dayton",
    "delaware": "delaware",
    "delaware-state": "delawarest",
    "duke": "duke",
    "east-carolina": "ecarolina",
    "east-tennessee-state": "etennst",
    "eastern-illinois": "eillinois",
    "eastern-kentucky": "ekentucky",
    "eastern-michigan": "emichigan",
    "elon": "elon",
    "evansville": "evansville",
    "fairfield": "fairfield",
    "fairleigh-dickinson": "fairldick",
    "florida": "florida",
    "florida-am": "floridaam",
    "florida-atlantic": "flatlantic",
    "florida-gulf-coast": "flgulfcst",
    "florida-international": "flinternat",
    "florida-state": "floridast",
    "fordham": "fordham",
    "fresno-state": "fresnost",
    "gardner-webb": "gardwebb",
    "george-mason": "georgemas",
    "george-washington": "georgewash",
    "georgetown": "georgetown",
    "georgia": "georgia",
    "georgia-southern": "georgiasou",
    "georgia-state": "georgiast",
    "georgia-tech": "gatech",
    "gonzaga": "gonzaga",
    "grambling": "grambling",
    "grambling-state": "grambling",
    "grand-canyon": "gcanyon",
    "hartford": "hartford",
    "harvard": "harvard",
    "hawaii": "hawaii",
    "high-point": "highpoint",
    "hofstra": "hofstra",
    "holy-cross": "holycross",
    "houston": "houston",
    "houston-christian": "houstnbapt",
    "illinois": "illinois",
    "illinois-state": "illinoisst",
    "incarnate-word": "incarnword",
    "indiana": "indiana",
    "indiana-state": "indianast",
    "iona": "iona",
    "iowa": "iowa",
    "jackson-state": "jacksonst",
    "jacksonville": "jacksonvil",
    "jacksonville-state": "jksonvilst",
    "james-madison": "jamesmad",
    "kansas": "kansas",
    "kansas-state": "kansasst",
    "kennesaw-state": "kennesawst",
    "kent-state": "kentst",
    "kentucky": "kentucky",
    "la-salle": "la-salle",
    "lafayette": "lafayette",
    "lamar": "lamar",
    "le-moyne": "le-moyne",
    "lehigh": "lehigh",
    "liberty": "liberty",
    "lindenwood": "lindenwood",
    "lipscomb": "lipscomb",
    "little-rock": "arkansaslr",
    "long-beach-state": "longbeach",
    "long-island-university": "longisland",
    "longwood": "longwood",
    "louisiana": "ulala",
    "louisiana-tech": "latech",
    "louisville": "louisville",
    "loyola-marymount": "loyolamary",
    "lsu": "lsu",
    "maine": "maine",
    "manhattan": "manhattan",
    "marist": "marist",
    "marshall": "marshall",
    "maryland": "maryland",
    "maryland-eastern-shore": "umes",
    "massachusetts": "umass",
    "mcneese": "mcneese",
    "memphis": "memphis",
    "mercer": "mercer",
    "mercyhurst": "mercyhurst",
    "merrimack": "merrimack",
    "miami-fl": "miamifl",
    "miami-ohio": "miamioh",
    "michigan": "michigan",
    "michigan-state": "michiganst",
    "middle-tennessee": "mtennst",
    "milwaukee": "wiscmilw",
    "minnesota": "minnesota",
    "mississippi-state": "missst",
    "mississippi-valley-state": "missvalley",
    "missouri": "missouri",
    "missouri-state": "missourist",
    "monmouth": "monmouth",
    "morehead-state": "morehead",
    "mount-st-marys": "mtstmarys",
    "murray-state": "murrayst",
    "navy": "navy",
    "nc-state": "ncstate",
    "nebraska": "nebraska",
    "nevada": "nevada",
    "new-mexico": "nmexico",
    "new-mexico-state": "nmstate",
    "new-orleans": "norleans",
    "niagara": "niagara",
    "nicholls": "nicholls",
    "njit": "njtech",
    "norfolk-state": "norfolkst",
    "north-alabama": "northalabama",
    "north-carolina": "unc",
    "north-carolina-at": "ncat",
    "north-dakota-fighting": "ndakota",
    "north-dakota-state": "ndakotast",
    "north-florida": "nflorida",
    "northeastern": "neastern",
    "northern-colorado": "ncolorado",
    "northern-illinois": "nillinois",
    "northern-kentucky": "nkentucky",
    "northwestern": "nwestern",
    "northwestern-state": "nwstate",
    "notre-dame": "notredame",
    "oakland": "oakland",
    "ohio": "ohio",
    "ohio-state": "ohiost",
    "oklahoma": "oklahoma",
    "oklahoma-state": "okstate",
    "old-dominion": "olddom",
    "ole-miss": "olemiss",
    "omaha": "nebomaha",
    "oral-roberts": "oralrob",
    "oregon": "oregon",
    "oregon-state": "oregonst",
    "pacific": "pacific",
    "penn": "upenn",
    "penn-state": "pennst",
    "pennsylvania": "upenn",
    "pepperdine": "pepperdine",
    "pittsburgh": "pittsburgh",
    "portland": "portland",
    "prairie-view": "prairview",
    "presbyterian": "presbytrn",
    "princeton": "princeton",
    "purdue": "purdue",
    "queens-university": "queens-nc",
    "quinnipiac": "quinnipiac",
    "radford": "radford",
    "rhode-island": "uri",
    "rice": "rice",
    "richmond": "richmond",
    "rider": "rider",
    "rutgers": "rutgers",
    "sacramento-state": "sacstate",
    "sacred-heart": "sacheart",
    "saint-josephs": "stjosephs",
    "saint-louis": "stlouis",
    "saint-marys": "stmarysca",
    "saint-peters": "stpeters",
    "sam-houston": "samhouston",
    "samford": "samford",
    "san-diego": "sandiego",
    "san-diego-state": "sandiegost",
    "san-francisco": "sanfran",
    "san-jose-state": "sanjosest",
    "santa-clara": "santaclara",
    "savannah-state": "savannah-state",
    "se-louisiana": "sela",
    "seattle": "seattleu",
    "seton-hall": "setonhall",
    "siena": "siena",
    "siu-edwardsville": "silledward",
    "south-alabama": "salabama",
    "south-carolina": "scarolina",
    "south-carolina-upstate": "uscupstate",
    "south-dakota": "sdakota",
    "south-dakota-state": "sdakotast",
    "south-florida": "sflorida",
    "southeast-missouri": "semost",
    "southeastern-louisiana": "sela",
    "southern": "southernu",
    "southern-illinois": "sillinois",
    "southern-indiana": "southern-indiana",
    "southern-miss": "smiss",
    "st-bonaventure": "stbonny",
    "st-johns": "stjohns",
    "st-thomas-minnesota": "stthomas",
    "stanford": "stanford",
    "stephen-f-austin": "sfaustin",
    "stetson": "stetson",
    "stonehill": "stonehill",
    "stony-brook": "stonybrook",
    "tarleton-state": "tarletonst",
    "tcu": "tcu",
    "tennessee": "tennessee",
    "tennessee-tech": "tntech",
    "texas": "texas",
    "texas-aandm-corpus-christi": "tamucc",
    "texas-am": "texasam",
    "texas-southern": "txsouth",
    "texas-state": "txstate",
    "texas-tech": "txtech",
    "the-citadel": "citadel",
    "toledo": "toledo",
    "towson": "towson",
    "troy": "troy",
    "tulane": "tulane",
    "uab": "uab",
    "uc-davis": "ucdavis",
    "uc-irvine": "ucirvine",
    "uc-riverside": "ucriver",
    "uc-san-diego": "ucsandiego",
    "uc-santa-barbara": "ucsb",
    "ucf": "ucf",
    "ucla": "ucla",
    "uconn": "uconn",
    "uic": "illchicago",
    "ul-monroe": "ulamo",
    "umass-lowell": "umasslowell",
    "umbc": "umbc",
    "unc-asheville": "uncashe",
    "unc-greensboro": "uncgreen",
    "unc-wilmington": "uncwilm",
    "unlv": "unlv",
    "usc": "usc",
    "ut-arlington": "utarl",
    "ut-martin": "tnmartin",
    "utah": "utah",
    "utah-tech": "utah-tech",
    "utah-valley": "utvalley",
    "utrgv": "utrio",
    "utsa": "utsa",
    "valparaiso": "valpo",
    "vanderbilt": "vandy",
    "vcu": "vcu",
    "villanova": "villanova",
    "virginia": "virginia",
    "virginia-tech": "vatech",
    "vmi": "vmi",
    "wagner": "wagner",
    "wake-forest": "wake",
    "washington": "washington",
    "washington-state": "washst",
    "west-virginia": "wvirginia",
    "western-carolina": "wcarolina",
    "western-illinois": "willinois",
    "western-kentucky": "wkentucky",
    "western-michigan": "wmichigan",
    "wichita-state": "wichitast",
    "william-mary": "willmary",
    "winthrop": "winthrop",
    "wofford": "wofford",
    "wright-state": "wrightst",
    "xavier": "xavier",
    "yale": "yale",
    "youngstown-state": "youngst"
  },
  "conferences": {
    "SEC": [
      "alabama",
      "arkansas",
      "auburn",
      "florida",
      "georgia",
      "kentucky",
      "lsu",
      "mississippi-state",
      "missouri",
      "ole-miss",
      "south-carolina",
      "tennessee",
      "texas",
      "texas-am",
      "vanderbilt"
    ],
    "Big 12": [
      "oklahoma",
      "tcu",
      "arizona",
      "ucf",
      "houston",
      "kansas-state",
      "texas-tech",
      "oklahoma-state",
      "kansas",
      "arizona-state",
      "cincinnati",
      "byu",
      "baylor",
      "utah",
      "west-virginia"
    ],
    "CAA": [
      "hofstra",
      "delaware",
      "northeastern",
      "towson",
      "elon",
      "william-mary",
      "stony-brook",
      "monmouth",
      "north-carolina-at",
      "charleston",
      "unc-wilmington"
    ],
    "Sun Belt": [
      "troy",
      "southern-miss",
      "coastal-carolina",
      "georgia-state",
      "texas-state",
      "south-alabama",
      "marshall",
      "arkansas-state",
      "james-madison",
      "georgia-southern",
      "appalachian-state",
      "old-dominion",
      "louisiana",
      "ul-monroe"
    ],
    "SWAC": [
      "alcorn-state",
      "jackson-state",
      "grambling-state",
      "southern",
      "prairie-view",
      "arkansas-pine-bluff",
      "florida-am",
      "alabama-am",
      "grambling",
      "mississippi-valley-state",
      "texas-southern"
    ],
    "OVC": [
      "austin-peay",
      "tennessee-tech",
      "morehead-state",
      "murray-state",
      "southern-indiana",
      "lindenwood",
      "eastern-illinois",
      "southeast-missouri",
      "siu-edwardsville",
      "ut-martin",
      "little-rock"
    ],
    "Big Ten": [
      "ucla",
      "oregon-state",
      "michigan",
      "purdue",
      "indiana",
      "michigan-state",
      "nebraska",
      "oregon",
      "illinois",
      "maryland",
      "iowa",
      "minnesota",
      "northwestern",
      "ohio-state",
      "penn-state",
      "rutgers",
      "usc",
      "washington"
    ],
    "ASUN": [
      "lipscomb",
      "eastern-kentucky",
      "central-arkansas",
      "bellarmine",
      "stetson",
      "jacksonville",
      "north-florida",
      "north-alabama",
      "florida-gulf-coast",
      "queens-university"
    ],
    "AAC": [
      "uab",
      "memphis",
      "rice",
      "tulane",
      "utsa",
      "charlotte",
      "wichita-state",
      "east-carolina",
      "florida-atlantic",
      "south-florida"
    ],
    "ACC": [
      "florida-state",
      "wake-forest",
      "virginia",
      "nc-state",
      "stanford",
      "clemson",
      "miami-fl",
      "louisville",
      "north-carolina",
      "georgia-tech",
      "notre-dame",
      "boston-college",
      "california",
      "duke",
      "pittsburgh",
      "virginia-tech"
    ],
    "SoCon": [
      "wofford",
      "samford",
      "western-carolina",
      "citadel",
      "unc-greensboro",
      "mercer",
      "vmi",
      "the-citadel",
      "east-tennessee-state"
    ],
    "Patriot": [
      "army",
      "navy",
      "lehigh",
      "holy-cross",
      "bucknell",
      "lafayette"
    ],
    "Summit": [
      "western-illinois",
      "oral-roberts",
      "north-dakota-state",
      "south-dakota-state",
      "omaha",
      "northern-colorado",
      "st-thomas-minnesota"
    ],
    "MWC": [
      "air-force",
      "san-diego-state",
      "unlv",
      "new-mexico",
      "fresno-state",
      "san-jose-state",
      "nevada"
    ],
    "MVC": [
      "indiana-state",
      "illinois-state",
      "evansville",
      "belmont",
      "missouri-state",
      "southern-illinois",
      "dallas-baptist",
      "valparaiso",
      "bradley"
    ],
    "Southland": [
      "lamar",
      "mcneese",
      "northwestern-state",
      "new-orleans",
      "incarnate-word",
      "houston-christian",
      "southeastern-louisiana",
      "nicholls",
      "se-louisiana",
      "texas-aandm-corpus-christi"
    ],
    "Horizon": [
      "wright-state",
      "youngstown-state",
      "milwaukee",
      "oakland",
      "northern-kentucky",
      "uic"
    ],
    "Big East": [
      "xavier",
      "creighton",
      "uconn",
      "st-johns",
      "butler",
      "georgetown",
      "seton-hall",
      "villanova"
    ],
    "MAC": [
      "kent-state",
      "ball-state",
      "eastern-michigan",
      "toledo",
      "central-michigan",
      "northern-illinois",
      "bowling-green",
      "western-michigan",
      "ohio",
      "miami-ohio",
      "akron"
    ],
    "Ivy": [
      "dartmouth",
      "penn",
      "princeton",
      "columbia",
      "harvard",
      "brown",
      "cornell",
      "pennsylvania",
      "yale"
    ],
    "Big Sky": [
      "sacramento-state"
    ],
    "C-USA": [
      "louisiana-tech",
      "sam-houston",
      "jacksonville-state",
      "kennesaw-state",
      "western-kentucky",
      "middle-tennessee",
      "new-mexico-state",
      "liberty",
      "florida-international"
    ],
    "MEAC": [
      "bethune-cookman",
      "alabama-state",
      "norfolk-state",
      "coppin-state",
      "delaware-state",
      "maryland-eastern-shore"
    ],
    "WAC": [
      "tarleton-state",
      "utrgv",
      "seattle",
      "utah-tech",
      "california-baptist",
      "grand-canyon",
      "stephen-f-austin",
      "ut-arlington",
      "cal-baptist",
      "utah-valley",
      "abilene-christian"
    ],
    "Big West": [
      "uc-davis",
      "uc-irvine",
      "cal-state-fullerton",
      "long-beach-state",
      "hawaii",
      "cal-state-northridge",
      "uc-santa-barbara",
      "uc-riverside",
      "uc-san-diego",
      "cal-poly",
      "cal-state-bakersfield"
    ],
    "America East": [
      "bryant",
      "njit",
      "maine",
      "binghamton",
      "albany",
      "umbc",
      "umass-lowell"
    ],
    "Big South": [
      "presbyterian",
      "unc-asheville",
      "gardner-webb",
      "charleston-southern",
      "winthrop",
      "high-point",
      "campbell",
      "longwood",
      "radford",
      "south-carolina-upstate"
    ],
    "MAAC": [
      "marist",
      "iona",
      "quinnipiac",
      "canisius",
      "siena",
      "fairfield",
      "niagara",
      "manhattan",
      "rider",
      "saint-peters"
    ],
    "NEC": [
      "mount-st-marys",
      "sacred-heart",
      "wagner",
      "central-connecticut",
      "fairleigh-dickinson",
      "le-moyne",
      "long-island-university",
      "mercyhurst",
      "merrimack",
      "stonehill"
    ],
    "A-10": [
      "davidson",
      "dayton",
      "richmond",
      "vcu",
      "rhode-island",
      "fordham",
      "george-mason",
      "saint-louis",
      "george-washington",
      "la-salle",
      "massachusetts",
      "saint-josephs",
      "st-bonaventure"
    ],
    "Independent": [
      "washington-state"
    ],
    "WCC": [
      "pacific",
      "santa-clara",
      "san-diego",
      "gonzaga",
      "san-francisco",
      "pepperdine",
      "portland",
      "loyola-marymount",
      "saint-marys"
    ]
  },
  "already_done": [],
  "_note": "D1Baseball covers 308 teams. ~48 teams in our DB are not on D1BB. already_done resets weekly."
}