{
  "abilchrist": "abilene-christian",
  "airforce": "air-force",
  "akron": "akron",
  "alabama": "alabama",
  "alabamaam": "alabama-am",
  "alabamast": "alabama-state",
  "albany": "albany",
  "alcornst": "alcorn-state",
  "appalst": "appalachian-state",
  "arizona": "arizona",
  "arizonast": "arizona-state",
  "arkansas": "arkansas",
  "arkansaslr": "little-rock",
  "arkansaspb": "arkansas-pine-bluff",
  "arkansasst": "arkansas-state",
  "army": "army",
  "auburn": "auburn",
  "austinpeay": "austin-peay",
  "ballst": "ball-state",
  "baylor": "baylor",
  "bellarmine": "bellarmine",
  "belmont": "belmont",
  "bethcook": "bethune-cookman",
  "bostoncoll": "boston-college",
  "bowlgreen": "bowling-green",
  "bradley": "bradley",
  "brown": "brown",
  "bryant": "bryant",
  "bucknell": "bucknell",
  "butler": "butler",
  "byu": "byu",
  "california": "california",
  "californiabaptist": "california-baptist",
  "calpoly": "cal-poly",
  "calstbaker": "cal-state-bakersfield",
  "calstfull": "cal-state-fullerton",
  "calstnorth": "cal-state-northridge",
  "campbell": "campbell",
  "canisius": "canisius",
  "carkansas": "central-arkansas",
  "cconnst": "central-connecticut",
  "charleston": "college-of-charleston",
  "charlotte": "charlotte",
  "charlsouth": "charleston-southern",
  "cincy": "cincinnati",
  "citadel": "the-citadel",
  "clemson": "clemson",
  "cmichigan": "central-michigan",
  "coastcar": "coastal-carolina",
  "cofc": "charleston",
  "colgate": "colgate",
  "columbia": "columbia",
  "coppinst": "coppin-state",
  "cornell": "cornell",
  "creighton": "creighton",
  "dallasbapt": "dallas-baptist",
  "dartmouth": "dartmouth",
  "davidson": "davidson",
  "dayton": "dayton",
  "delaware": "delaware",
  "delawarest": "delaware-state",
  "duke": "duke",
  "ecarolina": "east-carolina",
  "eillinois": "eastern-illinois",
  "ekentucky": "eastern-kentucky",
  "elon": "elon",
  "emichigan": "eastern-michigan",
  "etennst": "east-tennessee-state",
  "evansville": "evansville",
  "fairfield": "fairfield",
  "fairldick": "fairleigh-dickinson",
  "flatlantic": "florida-atlantic",
  "flgulfcst": "florida-gulf-coast",
  "flinternat": "florida-international",
  "florida": "florida",
  "floridaam": "florida-am",
  "floridast": "florida-state",
  "fordham": "fordham",
  "fresnost": "fresno-state",
  "furman": "furman",
  "gardwebb": "gardner-webb",
  "gatech": "georgia-tech",
  "gcanyon": "grand-canyon",
  "georgemas": "george-mason",
  "georgetown": "georgetown",
  "georgewash": "george-washington",
  "georgia": "georgia",
  "georgiasou": "georgia-southern",
  "georgiast": "georgia-state",
  "gonzaga": "gonzaga",
  "grambling": "grambling-state",
  "harvard": "harvard",
  "hawaii": "hawaii",
  "highpoint": "high-point",
  "hofstra": "hofstra",
  "holycross": "holy-cross",
  "houstnbapt": "houston-christian",
  "houston": "houston",
  "illchicago": "uic",
  "illinois": "illinois",
  "illinoisst": "illinois-state",
  "incarnword": "incarnate-word",
  "indiana": "indiana",
  "indianast": "indiana-state",
  "iona": "iona",
  "iowa": "iowa",
  "jacksonst": "jackson-state",
  "jacksonvil": "jacksonville",
  "jamesmad": "james-madison",
  "jksonvilst": "jacksonville-state",
  "kansas": "kansas",
  "kansasst": "kansas-state",
  "kennesawst": "kennesaw-state",
  "kentst": "kent-state",
  "kentucky": "kentucky",
  "la-salle": "la-salle",
  "lafayette": "lafayette",
  "lamar": "lamar",
  "latech": "louisiana-tech",
  "le-moyne": "le-moyne",
  "lehigh": "lehigh",
  "liberty": "liberty",
  "lindenwood": "lindenwood",
  "lipscomb": "lipscomb",
  "longbeach": "long-beach-state",
  "longisland": "long-island-university",
  "longwood": "longwood",
  "louisville": "louisville",
  "loyolamary": "loyola-marymount",
  "lsu": "lsu",
  "maine": "maine",
  "manhattan": "manhattan",
  "marist": "marist",
  "marshall": "marshall",
  "maryland": "maryland",
  "mcneese": "mcneese",
  "memphis": "memphis",
  "mercer": "mercer",
  "mercyhurst": "mercyhurst",
  "merrimack": "merrimack",
  "miamifl": "miami-fl",
  "miamioh": "miami-ohio",
  "michigan": "michigan",
  "michiganst": "michigan-state",
  "minnesota": "minnesota",
  "missouri": "missouri",
  "missourist": "missouri-state",
  "missst": "mississippi-state",
  "missvalley": "mississippi-valley-state",
  "monmouth": "monmouth",
  "morehead": "morehead-state",
  "mtennst": "middle-tennessee",
  "mtstmarys": "mount-st-marys",
  "murrayst": "murray-state",
  "navy": "navy",
  "ncat": "north-carolina-at",
  "ncolorado": "northern-colorado",
  "ncstate": "nc-state",
  "ndakotast": "north-dakota-state",
  "neastern": "northeastern",
  "nebomaha": "omaha",
  "nebraska": "nebraska",
  "nevada": "nevada",
  "new-haven": "new-haven",
  "nflorida": "north-florida",
  "niagara": "niagara",
  "nicholls": "nicholls",
  "nillinois": "northern-illinois",
  "njtech": "njit",
  "nkentucky": "northern-kentucky",
  "nmexico": "new-mexico",
  "nmstate": "new-mexico-state",
  "norfolkst": "norfolk-state",
  "norleans": "new-orleans",
  "northalabama": "north-alabama",
  "notredame": "notre-dame",
  "nwestern": "northwestern",
  "nwstate": "northwestern-state",
  "oakland": "oakland",
  "ohio": "ohio",
  "ohiost": "ohio-state",
  "oklahoma": "oklahoma",
  "okstate": "oklahoma-state",
  "olddom": "old-dominion",
  "olemiss": "ole-miss",
  "oralrob": "oral-roberts",
  "oregon": "oregon",
  "oregonst": "oregon-state",
  "pacific": "pacific",
  "penn": "pennsylvania",
  "pennst": "penn-state",
  "pepperdine": "pepperdine",
  "pittsburgh": "pittsburgh",
  "portland": "portland",
  "prairview": "prairie-view",
  "presbytrn": "presbyterian",
  "princeton": "princeton",
  "purdue": "purdue",
  "queens-nc": "queens-university",
  "quinnipiac": "quinnipiac",
  "radford": "radford",
  "rice": "rice",
  "richmond": "richmond",
  "rider": "rider",
  "rutgers": "rutgers",
  "sacheart": "sacred-heart",
  "sacstate": "sacramento-state",
  "salabama": "south-alabama",
  "samford": "samford",
  "samhouston": "sam-houston",
  "sandiego": "san-diego",
  "sandiegost": "san-diego-state",
  "sanfran": "san-francisco",
  "sanjosest": "san-jose-state",
  "santaclara": "santa-clara",
  "scarolina": "south-carolina",
  "sdakotast": "south-dakota-state",
  "seattleu": "seattle",
  "sela": "southeastern-louisiana",
  "semost": "southeast-missouri",
  "setonhall": "seton-hall",
  "sfaustin": "stephen-f-austin",
  "sflorida": "south-florida",
  "siena": "siena",
  "silledward": "siu-edwardsville",
  "sillinois": "southern-illinois",
  "smiss": "southern-miss",
  "southern-indiana": "southern-indiana",
  "southernu": "southern",
  "stanford": "stanford",
  "stbonny": "st-bonaventure",
  "stetson": "stetson",
  "stjohns": "st-johns",
  "stjosephs": "saint-josephs",
  "stlouis": "saint-louis",
  "stmarysca": "saint-marys",
  "stonehill": "stonehill",
  "stonybrook": "stony-brook",
  "stpeters": "saint-peters",
  "stthomas": "st-thomas-minnesota",
  "sunybing": "binghamton",
  "syracuse": "syracuse",
  "tamucc": "texas-aandm-corpus-christi",
  "tarletonst": "tarleton-state",
  "tcu": "tcu",
  "tennessee": "tennessee",
  "texas": "texas",
  "texasam": "texas-am",
  "tnmartin": "ut-martin",
  "tntech": "tennessee-tech",
  "toledo": "toledo",
  "towson": "towson",
  "troy": "troy",
  "tulane": "tulane",
  "tulsa": "tulsa",
  "txsouth": "texas-southern",
  "txstate": "texas-state",
  "txtech": "texas-tech",
  "uab": "uab",
  "ucdavis": "uc-davis",
  "ucf": "ucf",
  "ucirvine": "uc-irvine",
  "ucla": "ucla",
  "uconn": "uconn",
  "ucriver": "uc-riverside",
  "ucsandiego": "uc-san-diego",
  "ucsb": "uc-santa-barbara",
  "ulala": "louisiana",
  "ulamo": "ul-monroe",
  "umass": "massachusetts",
  "umasslowell": "umass-lowell",
  "umbc": "umbc",
  "umes": "maryland-eastern-shore",
  "unc": "north-carolina",
  "uncashe": "unc-asheville",
  "uncgreen": "unc-greensboro",
  "uncwilm": "unc-wilmington",
  "unlv": "unlv",
  "upenn": "penn",
  "uri": "rhode-island",
  "usc": "usc",
  "uscupstate": "south-carolina-upstate",
  "utah": "utah",
  "utah-tech": "utah-tech",
  "utarl": "ut-arlington",
  "utrio": "utrgv",
  "utsa": "utsa",
  "utvalley": "utah-valley",
  "valpo": "valparaiso",
  "vandy": "vanderbilt",
  "vatech": "virginia-tech",
  "vcu": "vcu",
  "villanova": "villanova",
  "virginia": "virginia",
  "vmi": "vmi",
  "wagner": "wagner",
  "wake": "wake-forest",
  "washington": "washington",
  "washst": "washington-state",
  "wcarolina": "western-carolina",
  "west-georgia": "west-georgia",
  "wichitast": "wichita-state",
  "willinois": "western-illinois",
  "willmary": "william-mary",
  "winthrop": "winthrop",
  "wiscmilw": "milwaukee",
  "wkentucky": "western-kentucky",
  "wmichigan": "western-michigan",
  "wofford": "wofford",
  "wrightst": "wright-state",
  "wvirginia": "west-virginia",
  "xavier": "xavier",
  "yale": "yale",
  "youngst": "youngstown-state"
}