{
    "abilene-christian": "achr",
    "air-force": "afa",
    "alabama": "ua",
    "alabama-state": "okla",
    "appalachian-state": "appa",
    "arizona": "arizona",
    "arizona-state": "asu",
    "arkansas": "uark",
    "arkansas-pine-bluff": "ulm",
    "arkansas-state": "aru",
    "auburn": "auburn",
    "austin-peay": "lama",
    "ball-state": "bsu",
    "barry": "barr",
    "baylor": "baylor",
    "bellarmine": "tenc",
    "belmont": "belm",
    "bethune-cookman": "ilch",
    "boise-state": "ark",
    "boston-college": "bc",
    "boston-university": "duke",
    "bowling-green": "hamp",
    "bradley": "brad",
    "brown": "txst",
    "bryant": "tam",
    "buffalo": "fguu",
    "butler": "butl",
    "byu": "byu",
    "cal": "cal",
    "cal-poly": "calpoly",
    "cal-state-fullerton": "csuf",
    "california": "aub",
    "california-baptist": "calb",
    "campbell": "campbell",
    "centenary": "belh",
    "central-arkansas": "niwa",
    "central-michigan": "ausp",
    "charleston": "pur",
    "charleston-southern": "tame",
    "charlotte": "ncch",
    "chattanooga": "smis",
    "cincinnati": "uc",
    "clemson": "clemson",
    "coastal-carolina": "ccu",
    "college-of-charleston": "cofc",
    "colorado": "cu",
    "colorado-state": "csu",
    "columbia": "colm",
    "connecticut": "uconn",
    "cornell": "nw",
    "creighton": "crei",
    "dallas-baptist": "dbap",
    "dartmouth": "fsu",
    "davidson": "wake",
    "dayton": "dayt",
    "delaware": "dela",
    "drake": "drak",
    "drexel": "drex",
    "duke": "duke",
    "east-carolina": "ecu",
    "east-tennessee-state": "etsu",
    "eastern-illinois": "gcan",
    "eastern-kentucky": "eky",
    "eastern-michigan": "emu",
    "elon": "elon",
    "evansville": "evan",
    "fairfield": "fair",
    "fairleigh-dickinson": "usd",
    "florida": "uf",
    "florida-atlantic": "coas",
    "florida-southern": "sflo",
    "florida-state": "fsu",
    "fresno-state": "fresno",
    "furman": "furm",
    "george-mason": "gema",
    "georgetown": "gu",
    "georgia": "uga",
    "georgia-southern": "geos",
    "georgia-state": "gest",
    "georgia-tech": "gatech",
    "gonzaga": "gonzaga",
    "hawaii": "hawaii",
    "hofstra": "hofs",
    "houston": "uh",
    "houston-christian": "houb",
    "howard": "ariz",
    "idaho-state": "idsu",
    "illinois": "illinois",
    "illinois-state": "ilsu",
    "incarnate-word": "hou",
    "indiana": "iu",
    "indiana-state": "insu",
    "iowa": "iowa",
    "iowa-state": "iastate",
    "jackson-state": "jast",
    "james-madison": "espn",
    "kansas": "ku",
    "kansas-state": "kstate",
    "kennesaw-state": "kenn",
    "kent-state": "wint",
    "kentucky": "uky",
    "lehigh": "ncst",
    "liberty": "liberty",
    "lipscomb": "clem",
    "little-rock": "arkl",
    "long-beach-state": "lbst",
    "louisiana": "ulaf",
    "louisiana-tech": "latech",
    "louisville": "lou",
    "loyola-marymount": "calb",
    "lsu": "lsu",
    "marist": "chac",
    "marshall": "fla",
    "maryland": "umd",
    "massachusetts": "mass",
    "mcneese": "mcne",
    "memphis": "memphis",
    "miami": "miami",
    "miami-fl": "mifl",
    "michigan": "um",
    "michigan-state": "msu",
    "milwaukee": "wiml",
    "minnesota": "umn",
    "mississippi-state": "msstate",
    "missouri": "mizzou",
    "missouri-state": "geo",
    "monmouth": "monm",
    "montana": "mont",
    "morehead-state": "mem",
    "murray-state": "kty",
    "navy": "navy",
    "nc-state": "ncstate",
    "nebraska": "nu",
    "nevada": "unv",
    "new-mexico": "unm",
    "new-mexico-state": "nmst",
    "new-orleans": "newo",
    "nicholls": "nist",
    "north-alabama": "noal",
    "north-carolina": "unc",
    "north-carolina-central": "nccu",
    "north-dakota-state": "ndsu",
    "north-florida": "nfla",
    "north-texas": "ntex",
    "northeastern": "ne",
    "northern-kentucky": "alst",
    "northwestern": "nw",
    "northwestern-state": "jkst",
    "notre-dame": "nd",
    "oakland": "depa",
    "ohio": "ohio",
    "ohio-state": "ohiostate",
    "oklahoma": "ou",
    "oklahoma-state": "okstate",
    "old-dominion": "odu",
    "ole-miss": "olemiss",
    "omaha": "omaha",
    "oral-roberts": "oru",
    "oregon": "oregon",
    "oregon-state": "oregonst",
    "pacific": "asu",
    "penn-state": "psu",
    "pennsylvania": "penn",
    "pepperdine": "pepp",
    "pittsburgh": "pitt",
    "portland": "port",
    "portland-state": "loyo",
    "prairie-view": "pvam",
    "presbyterian": "psby",
    "princeton": "unc",
    "purdue": "purdue",
    "queens-university": "qunc",
    "radford": "elon",
    "rhode-island": "uri",
    "rice": "rice",
    "richmond": "rich",
    "rutgers": "rutgers",
    "sacramento-state": "cssa",
    "saint-louis": "stlo",
    "saint-marys": "stma",
    "sam-houston": "shsu",
    "samford": "msst",
    "san-diego": "usd",
    "san-diego-state": "sdsu",
    "san-francisco": "sanf",
    "san-jose-state": "sjsu",
    "santa-clara": "sacl",
    "seattle": "byu",
    "seton-hall": "seha",
    "siu-edwardsville": "fres",
    "south-alabama": "sala",
    "south-carolina": "scar",
    "south-dakota": "sdak",
    "south-dakota-state": "sdst",
    "south-florida": "sfla",
    "southeastern-louisiana": "sela",
    "southern-miss": "usm",
    "southern-utah": "suta",
    "st-johns": "ecu",
    "st-thomas-minnesota": "latc",
    "stanford": "stanford",
    "stephen-f-austin": "sasu",
    "stetson": "stet",
    "stony-brook": "ston",
    "syracuse": "cuse",
    "tarleton-state": "nm",
    "tcu": "tcu",
    "tennessee": "utenn",
    "tennessee-state": "merc",
    "tennessee-tech": "camb",
    "texas": "texas",
    "texas-am": "tamu",
    "texas-lutheran": "texl",
    "texas-state": "txstate",
    "texas-tech": "ttu",
    "towson": "tows",
    "troy": "troy",
    "tulane": "tulane",
    "tulsa": "tarl",
    "uab": "albr",
    "uc-davis": "ucda",
    "uc-irvine": "uci",
    "uc-san-diego": "ucsd",
    "uc-santa-barbara": "ucsb",
    "ucf": "ucf",
    "ucla": "ucla",
    "uconn": "conn",
    "uic": "must",
    "unlv": "unlv",
    "usc": "usc",
    "ut-arlington": "txar",
    "ut-martin": "tenm",
    "utah": "utah",
    "utah-state": "ust",
    "utah-valley": "utva",
    "utep": "text",
    "utrgv": "utrgv",
    "utsa": "utsa",
    "valparaiso": "val",
    "vanderbilt": "vandy",
    "vcu": "vcu",
    "villanova": "nova",
    "virginia": "uva",
    "virginia-tech": "vt",
    "wake-forest": "wfu",
    "washington": "uw",
    "washington-state": "wsu",
    "west-virginia": "wvu",
    "western-carolina": "wcar",
    "western-kentucky": "flin",
    "western-michigan": "wmu",
    "wichita-state": "wsu2",
    "wisconsin": "wisc",
    "xavier": "xavi",
    "youngstown-state": "gard"
}